{"cameraMode":{"drawMode":0,"name":"Shaded","section":"Shading Mode"},"sceneLighting":true,"audioPlay":false,"sceneViewState":{"m_AlwaysRefresh":false,"showFog":true,"showSkybox":true,"showFlares":true,"showImageEffects":true,"showParticleSystems":true,"showVisualEffectGraphs":true,"m_FxEnabled":true},"in2DMode":false,"pivot":{"x":58.441829681396487,"y":2.2184903621673586,"z":-16.80324935913086},"rotation":{"x":-0.22446851432323457,"y":0.7711226344108582,"z":-0.37009742856025698,"w":-0.46713653206825259},"size":6.348257064819336,"orthographic":false}