{"cameraMode":{"drawMode":0,"name":"Shaded","section":"Shading Mode"},"sceneLighting":true,"audioPlay":false,"sceneViewState":{"m_AlwaysRefresh":false,"showFog":true,"showSkybox":true,"showFlares":true,"showImageEffects":true,"showParticleSystems":true,"showVisualEffectGraphs":true,"m_FxEnabled":true},"in2DMode":false,"pivot":{"x":3.9918274879455568,"y":-4.284579277038574,"z":174.3802490234375},"rotation":{"x":0.013807132840156556,"y":0.017992842942476274,"z":-0.00024512456730008125,"w":0.9997471570968628},"size":88.30219268798828,"orthographic":false}